county_name,state_name,country_name
Baldwin County,Alabama,USA
Barbour County,Alabama,USA
Bibb County,Alabama,USA
Blount County,Alabama,USA
Bullock County,Alabama,USA
Butler County,Alabama,USA
Calhoun County,Alabama,USA
Chambers County,Alabama,USA
Cherokee County,Alabama,USA
Chilton County,Alabama,USA
Clarke County,Alabama,USA
Cleburne County,Alabama,USA
Coffee County,Alabama,USA
Colbert County,Alabama,USA
Conecuh County,Alabama,USA
Covington County,Alabama,USA
Crenshaw County,Alabama,USA
Cullman County,Alabama,USA
Dale County,Alabama,USA
Dallas County,Alabama,USA
DeKalb County,Alabama,USA
Escambia County,Alabama,USA
Etowah County,Alabama,USA
Fayette County,Alabama,USA
Franklin County,Alabama,USA
Geneva County,Alabama,USA
Greene County,Alabama,USA
Hale County,Alabama,USA
Henry County,Alabama,USA
Jackson County,Alabama,USA
Jefferson County,Alabama,USA
Lamar County,Alabama,USA
Lauderdale County,Alabama,USA
Lawrence County,Alabama,USA
Lee County,Alabama,USA
Limestone County,Alabama,USA
Madison County,Alabama,USA
Marengo County,Alabama,USA
Marion County,Alabama,USA
Marshall County,Alabama,USA
Mobile County,Alabama,USA
Montgomery County,Alabama,USA
Morgan County,Alabama,USA
Pike County,Alabama,USA
Randolph County,Alabama,USA
Russell County,Alabama,USA
Shelby County,Alabama,USA
Sumter County,Alabama,USA
Talladega County,Alabama,USA
Tallapoosa County,Alabama,USA
Tuscaloosa County,Alabama,USA
Winston County,Alabama,USA
Northwest Arctic Borough,Alaska,USA
Southeast Fairbanks Census Area,Alaska,USA
Apache County,Arizona,USA
Cochise County,Arizona,USA
Coconino County,Arizona,USA
Gila County,Arizona,USA
Graham County,Arizona,USA
Greenlee County,Arizona,USA
La Paz County,Arizona,USA
Maricopa County,Arizona,USA
Mohave County,Arizona,USA
Navajo County,Arizona,USA
Pima County,Arizona,USA
Pinal County,Arizona,USA
Santa Cruz County,Arizona,USA
Yavapai County,Arizona,USA
Yuma County,Arizona,USA
Arkansas County,Arkansas,USA
Ashley County,Arkansas,USA
Baxter County,Arkansas,USA
Benton County,Arkansas,USA
Boone County,Arkansas,USA
Chicot County,Arkansas,USA
Clark County,Arkansas,USA
Clay County,Arkansas,USA
Columbia County,Arkansas,USA
Conway County,Arkansas,USA
Craighead County,Arkansas,USA
Crawford County,Arkansas,USA
Crittenden County,Arkansas,USA
Desha County,Arkansas,USA
Drew County,Arkansas,USA
Faulkner County,Arkansas,USA
Fulton County,Arkansas,USA
Garland County,Arkansas,USA
Grant County,Arkansas,USA
Hempstead County,Arkansas,USA
Hot Spring County,Arkansas,USA
Howard County,Arkansas,USA
Independence County,Arkansas,USA
Izard County,Arkansas,USA
Johnson County,Arkansas,USA
Lafayette County,Arkansas,USA
Lincoln County,Arkansas,USA
Little River County,Arkansas,USA
Logan County,Arkansas,USA
Lonoke County,Arkansas,USA
Miller County,Arkansas,USA
Mississippi County,Arkansas,USA
Nevada County,Arkansas,USA
Ouachita County,Arkansas,USA
Perry County,Arkansas,USA
Poinsett County,Arkansas,USA
Polk County,Arkansas,USA
Pope County,Arkansas,USA
Prairie County,Arkansas,USA
Pulaski County,Arkansas,USA
Saline County,Arkansas,USA
Scott County,Arkansas,USA
Searcy County,Arkansas,USA
Sebastian County,Arkansas,USA
Sevier County,Arkansas,USA
Sharp County,Arkansas,USA
Stone County,Arkansas,USA
Union County,Arkansas,USA
Washington County,Arkansas,USA
White County,Arkansas,USA
Yell County,Arkansas,USA
Alameda County,California,USA
Amador County,California,USA
Butte County,California,USA
Calaveras County,California,USA
Colusa County,California,USA
Contra Costa County,California,USA
Del Norte County,California,USA
El Dorado County,California,USA
Fresno County,California,USA
Glenn County,California,USA
Humboldt County,California,USA
Imperial County,California,USA
Inyo County,California,USA
Kern County,California,USA
Kings County,California,USA
Lake County,California,USA
Lassen County,California,USA
Los Angeles County,California,USA
Madera County,California,USA
Marin County,California,USA
Mariposa County,California,USA
Mendocino County,California,USA
Merced County,California,USA
Modoc County,California,USA
Mono County,California,USA
Monterey County,California,USA
Napa County,California,USA
Orange County,California,USA
Placer County,California,USA
Plumas County,California,USA
Riverside County,California,USA
Sacramento County,California,USA
San Benito County,California,USA
San Bernardino County,California,USA
San Diego County,California,USA
San Francisco County,California,USA
San Joaquin County,California,USA
San Luis Obispo County,California,USA
San Mateo County,California,USA
Santa Barbara County,California,USA
Santa Clara County,California,USA
Shasta County,California,USA
Sierra County,California,USA
Siskiyou County,California,USA
Solano County,California,USA
Sonoma County,California,USA
Stanislaus County,California,USA
Tehama County,California,USA
Trinity County,California,USA
Tulare County,California,USA
Tuolumne County,California,USA
Ventura County,California,USA
Yolo County,California,USA
Yuba County,California,USA
Adams County,Colorado,USA
Alamosa County,Colorado,USA
Arapahoe County,Colorado,USA
Archuleta County,Colorado,USA
Baca County,Colorado,USA
Bent County,Colorado,USA
Boulder County,Colorado,USA
Chaffee County,Colorado,USA
Cheyenne County,Colorado,USA
Clear Creek County,Colorado,USA
Conejos County,Colorado,USA
Costilla County,Colorado,USA
Crowley County,Colorado,USA
Custer County,Colorado,USA
Delta County,Colorado,USA
Denver County,Colorado,USA
Douglas County,Colorado,USA
Eagle County,Colorado,USA
Elbert County,Colorado,USA
El Paso County,Colorado,USA
Fremont County,Colorado,USA
Garfield County,Colorado,USA
Gilpin County,Colorado,USA
Grand County,Colorado,USA
Gunnison County,Colorado,USA
Huerfano County,Colorado,USA
Kit Carson County,Colorado,USA
La Plata County,Colorado,USA
Larimer County,Colorado,USA
Las Animas County,Colorado,USA
Mesa County,Colorado,USA
Moffat County,Colorado,USA
Montezuma County,Colorado,USA
Montrose County,Colorado,USA
Otero County,Colorado,USA
Ouray County,Colorado,USA
Park County,Colorado,USA
Phillips County,Colorado,USA
Pitkin County,Colorado,USA
Prowers County,Colorado,USA
Pueblo County,Colorado,USA
Rio Blanco County,Colorado,USA
Rio Grande County,Colorado,USA
Routt County,Colorado,USA
Saguache County,Colorado,USA
San Miguel County,Colorado,USA
Sedgwick County,Colorado,USA
Summit County,Colorado,USA
Teller County,Colorado,USA
Weld County,Colorado,USA
Fairfield County,Connecticut,USA
Hartford County,Connecticut,USA
Litchfield County,Connecticut,USA
New Haven County,Connecticut,USA
New London County,Connecticut,USA
Tolland County,Connecticut,USA
Windham County,Connecticut,USA
Kent County,Delaware,USA
New Castle County,Delaware,USA
Sussex County,Delaware,USA
Alachua County,Florida,USA
Baker County,Florida,USA
Bay County,Florida,USA
Brevard County,Florida,USA
Broward County,Florida,USA
Charlotte County,Florida,USA
Citrus County,Florida,USA
Collier County,Florida,USA
DeSoto County,Florida,USA
Dixie County,Florida,USA
Duval County,Florida,USA
Flagler County,Florida,USA
Gadsden County,Florida,USA
Glades County,Florida,USA
Gulf County,Florida,USA
Hamilton County,Florida,USA
Hardee County,Florida,USA
Hendry County,Florida,USA
Hernando County,Florida,USA
Highlands County,Florida,USA
Hillsborough County,Florida,USA
Holmes County,Florida,USA
Indian River County,Florida,USA
Leon County,Florida,USA
Liberty County,Florida,USA
Manatee County,Florida,USA
Martin County,Florida,USA
Miami-Dade County,Florida,USA
Monroe County,Florida,USA
Nassau County,Florida,USA
Okaloosa County,Florida,USA
Okeechobee County,Florida,USA
Osceola County,Florida,USA
Palm Beach County,Florida,USA
Pinellas County,Florida,USA
Putnam County,Florida,USA
St. Johns County,Florida,USA
St. Lucie County,Florida,USA
Santa Rosa County,Florida,USA
Sarasota County,Florida,USA
Seminole County,Florida,USA
Suwannee County,Florida,USA
Taylor County,Florida,USA
Volusia County,Florida,USA
Wakulla County,Florida,USA
Appling County,Georgia,USA
Bacon County,Georgia,USA
Banks County,Georgia,USA
Bartow County,Georgia,USA
Bulloch County,Georgia,USA
Burke County,Georgia,USA
Camden County,Georgia,USA
Candler County,Georgia,USA
Carroll County,Georgia,USA
Charlton County,Georgia,USA
Chatham County,Georgia,USA
Chattooga County,Georgia,USA
Clayton County,Georgia,USA
Colquitt County,Georgia,USA
Cook County,Georgia,USA
Coweta County,Georgia,USA
Crisp County,Georgia,USA
Dodge County,Georgia,USA
Dougherty County,Georgia,USA
Floyd County,Georgia,USA
Forsyth County,Georgia,USA
Gilmer County,Georgia,USA
Glynn County,Georgia,USA
Grady County,Georgia,USA
Habersham County,Georgia,USA
Hall County,Georgia,USA
Harris County,Georgia,USA
Hart County,Georgia,USA
Houston County,Georgia,USA
Jasper County,Georgia,USA
Laurens County,Georgia,USA
Lowndes County,Georgia,USA
Lumpkin County,Georgia,USA
McDuffie County,Georgia,USA
McIntosh County,Georgia,USA
Mitchell County,Georgia,USA
Murray County,Georgia,USA
Muscogee County,Georgia,USA
Oconee County,Georgia,USA
Paulding County,Georgia,USA
Pickens County,Georgia,USA
Rabun County,Georgia,USA
Richmond County,Georgia,USA
Screven County,Georgia,USA
Stephens County,Georgia,USA
Telfair County,Georgia,USA
Tift County,Georgia,USA
Towns County,Georgia,USA
Walker County,Georgia,USA
Ware County,Georgia,USA
Wilkes County,Georgia,USA
Worth County,Georgia,USA
Hawaii County,Hawaii,USA
Honolulu County,Hawaii,USA
Kauai County,Hawaii,USA
Maui County,Hawaii,USA
Ada County,Idaho,USA
Bannock County,Idaho,USA
Bear Lake County,Idaho,USA
Benewah County,Idaho,USA
Bingham County,Idaho,USA
Blaine County,Idaho,USA
Boise County,Idaho,USA
Bonner County,Idaho,USA
Bonneville County,Idaho,USA
Boundary County,Idaho,USA
Canyon County,Idaho,USA
Caribou County,Idaho,USA
Cassia County,Idaho,USA
Clearwater County,Idaho,USA
Elmore County,Idaho,USA
Gem County,Idaho,USA
Idaho County,Idaho,USA
Jerome County,Idaho,USA
Kootenai County,Idaho,USA
Latah County,Idaho,USA
Lemhi County,Idaho,USA
Lewis County,Idaho,USA
Minidoka County,Idaho,USA
Nez Perce County,Idaho,USA
Oneida County,Idaho,USA
Owyhee County,Idaho,USA
Payette County,Idaho,USA
Power County,Idaho,USA
Shoshone County,Idaho,USA
Teton County,Idaho,USA
Twin Falls County,Idaho,USA
Valley County,Idaho,USA
Alexander County,Illinois,USA
Bureau County,Illinois,USA
Champaign County,Illinois,USA
Christian County,Illinois,USA
Coles County,Illinois,USA
Cumberland County,Illinois,USA
DuPage County,Illinois,USA
Edgar County,Illinois,USA
Effingham County,Illinois,USA
Ford County,Illinois,USA
Grundy County,Illinois,USA
Hancock County,Illinois,USA
Hardin County,Illinois,USA
Henderson County,Illinois,USA
Iroquois County,Illinois,USA
Jersey County,Illinois,USA
Jo Daviess County,Illinois,USA
Kane County,Illinois,USA
Kankakee County,Illinois,USA
Knox County,Illinois,USA
LaSalle County,Illinois,USA
Livingston County,Illinois,USA
McDonough County,Illinois,USA
McHenry County,Illinois,USA
McLean County,Illinois,USA
Macon County,Illinois,USA
Menard County,Illinois,USA
Mercer County,Illinois,USA
Moultrie County,Illinois,USA
Peoria County,Illinois,USA
Richland County,Illinois,USA
Rock Island County,Illinois,USA
St. Clair County,Illinois,USA
Sangamon County,Illinois,USA
Stephenson County,Illinois,USA
Vermilion County,Illinois,USA
Warren County,Illinois,USA
Whiteside County,Illinois,USA
Will County,Illinois,USA
Williamson County,Illinois,USA
Winnebago County,Illinois,USA
Woodford County,Illinois,USA
Allen County,Indiana,USA
Bartholomew County,Indiana,USA
Blackford County,Indiana,USA
Cass County,Indiana,USA
Clinton County,Indiana,USA
Daviess County,Indiana,USA
Decatur County,Indiana,USA
Delaware County,Indiana,USA
Dubois County,Indiana,USA
Elkhart County,Indiana,USA
Hendricks County,Indiana,USA
Huntington County,Indiana,USA
Jennings County,Indiana,USA
Kosciusko County,Indiana,USA
LaPorte County,Indiana,USA
Owen County,Indiana,USA
Parke County,Indiana,USA
Porter County,Indiana,USA
Posey County,Indiana,USA
Ripley County,Indiana,USA
Rush County,Indiana,USA
St. Joseph County,Indiana,USA
Starke County,Indiana,USA
Steuben County,Indiana,USA
Sullivan County,Indiana,USA
Tippecanoe County,Indiana,USA
Tipton County,Indiana,USA
Vanderburgh County,Indiana,USA
Vermillion County,Indiana,USA
Vigo County,Indiana,USA
Wabash County,Indiana,USA
Warrick County,Indiana,USA
Wayne County,Indiana,USA
Whitley County,Indiana,USA
Adair County,Iowa,USA
Allamakee County,Iowa,USA
Appanoose County,Iowa,USA
Audubon County,Iowa,USA
Black Hawk County,Iowa,USA
Bremer County,Iowa,USA
Buchanan County,Iowa,USA
Buena Vista County,Iowa,USA
Cedar County,Iowa,USA
Cerro Gordo County,Iowa,USA
Chickasaw County,Iowa,USA
Davis County,Iowa,USA
Des Moines County,Iowa,USA
Dickinson County,Iowa,USA
Dubuque County,Iowa,USA
Emmet County,Iowa,USA
Guthrie County,Iowa,USA
Harrison County,Iowa,USA
Ida County,Iowa,USA
Iowa County,Iowa,USA
Jones County,Iowa,USA
Keokuk County,Iowa,USA
Kossuth County,Iowa,USA
Linn County,Iowa,USA
Lucas County,Iowa,USA
Lyon County,Iowa,USA
Mahaska County,Iowa,USA
Monona County,Iowa,USA
Muscatine County,Iowa,USA
O'Brien County,Iowa,USA
Page County,Iowa,USA
Palo Alto County,Iowa,USA
Plymouth County,Iowa,USA
Pocahontas County,Iowa,USA
Pottawattamie County,Iowa,USA
Ringgold County,Iowa,USA
Sac County,Iowa,USA
Sioux County,Iowa,USA
Story County,Iowa,USA
Tama County,Iowa,USA
Van Buren County,Iowa,USA
Wapello County,Iowa,USA
Webster County,Iowa,USA
Winneshiek County,Iowa,USA
Woodbury County,Iowa,USA
Wright County,Iowa,USA
Anderson County,Kansas,USA
Barber County,Kansas,USA
Barton County,Kansas,USA
Brown County,Kansas,USA
Chase County,Kansas,USA
Chautauqua County,Kansas,USA
Cloud County,Kansas,USA
Coffey County,Kansas,USA
Comanche County,Kansas,USA
Cowley County,Kansas,USA
Doniphan County,Kansas,USA
Elk County,Kansas,USA
Ellis County,Kansas,USA
Ellsworth County,Kansas,USA
Finney County,Kansas,USA
Geary County,Kansas,USA
Gove County,Kansas,USA
Gray County,Kansas,USA
Greeley County,Kansas,USA
Greenwood County,Kansas,USA
Harper County,Kansas,USA
Harvey County,Kansas,USA
Hodgeman County,Kansas,USA
Jewell County,Kansas,USA
Kearny County,Kansas,USA
Kingman County,Kansas,USA
Kiowa County,Kansas,USA
Labette County,Kansas,USA
Lane County,Kansas,USA
Leavenworth County,Kansas,USA
McPherson County,Kansas,USA
Meade County,Kansas,USA
Miami County,Kansas,USA
Morris County,Kansas,USA
Morton County,Kansas,USA
Nemaha County,Kansas,USA
Neosho County,Kansas,USA
Norton County,Kansas,USA
Osage County,Kansas,USA
Ottawa County,Kansas,USA
Pawnee County,Kansas,USA
Pottawatomie County,Kansas,USA
Pratt County,Kansas,USA
Rawlins County,Kansas,USA
Reno County,Kansas,USA
Republic County,Kansas,USA
Rice County,Kansas,USA
Riley County,Kansas,USA
Rooks County,Kansas,USA
Seward County,Kansas,USA
Shawnee County,Kansas,USA
Sheridan County,Kansas,USA
Sherman County,Kansas,USA
Smith County,Kansas,USA
Stafford County,Kansas,USA
Stanton County,Kansas,USA
Stevens County,Kansas,USA
Sumner County,Kansas,USA
Thomas County,Kansas,USA
Trego County,Kansas,USA
Wabaunsee County,Kansas,USA
Wilson County,Kansas,USA
Woodson County,Kansas,USA
Wyandotte County,Kansas,USA
Barren County,Kentucky,USA
Bath County,Kentucky,USA
Boyd County,Kentucky,USA
Boyle County,Kentucky,USA
Bracken County,Kentucky,USA
Breathitt County,Kentucky,USA
Breckinridge County,Kentucky,USA
Bullitt County,Kentucky,USA
Caldwell County,Kentucky,USA
Calloway County,Kentucky,USA
Carter County,Kentucky,USA
Edmonson County,Kentucky,USA
Estill County,Kentucky,USA
Fleming County,Kentucky,USA
Gallatin County,Kentucky,USA
Garrard County,Kentucky,USA
Grayson County,Kentucky,USA
Greenup County,Kentucky,USA
Hopkins County,Kentucky,USA
Laurel County,Kentucky,USA
Letcher County,Kentucky,USA
McCracken County,Kentucky,USA
McCreary County,Kentucky,USA
Magoffin County,Kentucky,USA
Mason County,Kentucky,USA
Metcalfe County,Kentucky,USA
Muhlenberg County,Kentucky,USA
Nelson County,Kentucky,USA
Ohio County,Kentucky,USA
Owsley County,Kentucky,USA
Powell County,Kentucky,USA
Rowan County,Kentucky,USA
Spencer County,Kentucky,USA
Todd County,Kentucky,USA
Trigg County,Kentucky,USA
Allen Parish,Louisiana,USA
Ascension Parish,Louisiana,USA
Assumption Parish,Louisiana,USA
Avoyelles Parish,Louisiana,USA
Bienville Parish,Louisiana,USA
Bossier Parish,Louisiana,USA
Caddo Parish,Louisiana,USA
Calcasieu Parish,Louisiana,USA
Caldwell Parish,Louisiana,USA
Cameron Parish,Louisiana,USA
Catahoula Parish,Louisiana,USA
Claiborne Parish,Louisiana,USA
Concordia Parish,Louisiana,USA
East Baton Rouge Parish,Louisiana,USA
Iberia Parish,Louisiana,USA
Iberville Parish,Louisiana,USA
Jackson Parish,Louisiana,USA
Jefferson Parish,Louisiana,USA
Jefferson Davis Parish,Louisiana,USA
Lafayette Parish,Louisiana,USA
Lafourche Parish,Louisiana,USA
LaSalle Parish,Louisiana,USA
Lincoln Parish,Louisiana,USA
Madison Parish,Louisiana,USA
Natchitoches Parish,Louisiana,USA
Orleans Parish,Louisiana,USA
Ouachita Parish,Louisiana,USA
Pointe Coupee Parish,Louisiana,USA
Rapides Parish,Louisiana,USA
Sabine Parish,Louisiana,USA
St. Bernard Parish,Louisiana,USA
St. Landry Parish,Louisiana,USA
St. Martin Parish,Louisiana,USA
St. Mary Parish,Louisiana,USA
St. Tammany Parish,Louisiana,USA
Tensas Parish,Louisiana,USA
Terrebonne Parish,Louisiana,USA
Union Parish,Louisiana,USA
Vermilion Parish,Louisiana,USA
Vernon Parish,Louisiana,USA
Webster Parish,Louisiana,USA
West Feliciana Parish,Louisiana,USA
Androscoggin County,Maine,USA
Aroostook County,Maine,USA
Kennebec County,Maine,USA
Oxford County,Maine,USA
Penobscot County,Maine,USA
Piscataquis County,Maine,USA
Sagadahoc County,Maine,USA
Somerset County,Maine,USA
Waldo County,Maine,USA
York County,Maine,USA
Allegany County,Maryland,USA
Anne Arundel County,Maryland,USA
Baltimore County,Maryland,USA
Dorchester County,Maryland,USA
Frederick County,Maryland,USA
Garrett County,Maryland,USA
Harford County,Maryland,USA
Prince George's County,Maryland,USA
Queen Anne's County,Maryland,USA
St. Mary's County,Maryland,USA
Wicomico County,Maryland,USA
Worcester County,Maryland,USA
Barnstable County,Massachusetts,USA
Berkshire County,Massachusetts,USA
Bristol County,Massachusetts,USA
Dukes County,Massachusetts,USA
Essex County,Massachusetts,USA
Hampden County,Massachusetts,USA
Hampshire County,Massachusetts,USA
Middlesex County,Massachusetts,USA
Nantucket County,Massachusetts,USA
Norfolk County,Massachusetts,USA
Suffolk County,Massachusetts,USA
Alcona County,Michigan,USA
Alger County,Michigan,USA
Allegan County,Michigan,USA
Alpena County,Michigan,USA
Arenac County,Michigan,USA
Baraga County,Michigan,USA
Barry County,Michigan,USA
Benzie County,Michigan,USA
Berrien County,Michigan,USA
Branch County,Michigan,USA
Charlevoix County,Michigan,USA
Cheboygan County,Michigan,USA
Chippewa County,Michigan,USA
Eaton County,Michigan,USA
Genesee County,Michigan,USA
Gladwin County,Michigan,USA
Gogebic County,Michigan,USA
Grand Traverse County,Michigan,USA
Hillsdale County,Michigan,USA
Houghton County,Michigan,USA
Huron County,Michigan,USA
Ingham County,Michigan,USA
Iosco County,Michigan,USA
Iron County,Michigan,USA
Isabella County,Michigan,USA
Kalamazoo County,Michigan,USA
Kalkaska County,Michigan,USA
Lapeer County,Michigan,USA
Leelanau County,Michigan,USA
Lenawee County,Michigan,USA
Luce County,Michigan,USA
Mackinac County,Michigan,USA
Macomb County,Michigan,USA
Manistee County,Michigan,USA
Marquette County,Michigan,USA
Mecosta County,Michigan,USA
Midland County,Michigan,USA
Missaukee County,Michigan,USA
Montcalm County,Michigan,USA
Montmorency County,Michigan,USA
Muskegon County,Michigan,USA
Newaygo County,Michigan,USA
Oakland County,Michigan,USA
Ogemaw County,Michigan,USA
Ontonagon County,Michigan,USA
Oscoda County,Michigan,USA
Otsego County,Michigan,USA
Presque Isle County,Michigan,USA
Roscommon County,Michigan,USA
Saginaw County,Michigan,USA
Sanilac County,Michigan,USA
Schoolcraft County,Michigan,USA
Shiawassee County,Michigan,USA
Tuscola County,Michigan,USA
Washtenaw County,Michigan,USA
Wexford County,Michigan,USA
Aitkin County,Minnesota,USA
Anoka County,Minnesota,USA
Becker County,Minnesota,USA
Beltrami County,Minnesota,USA
Big Stone County,Minnesota,USA
Carlton County,Minnesota,USA
Carver County,Minnesota,USA
Chisago County,Minnesota,USA
Cottonwood County,Minnesota,USA
Crow Wing County,Minnesota,USA
Dakota County,Minnesota,USA
Faribault County,Minnesota,USA
Fillmore County,Minnesota,USA
Freeborn County,Minnesota,USA
Goodhue County,Minnesota,USA
Hennepin County,Minnesota,USA
Hubbard County,Minnesota,USA
Isanti County,Minnesota,USA
Itasca County,Minnesota,USA
Kanabec County,Minnesota,USA
Kandiyohi County,Minnesota,USA
Kittson County,Minnesota,USA
Koochiching County,Minnesota,USA
Lac qui Parle County,Minnesota,USA
Lake of the Woods County,Minnesota,USA
Le Sueur County,Minnesota,USA
McLeod County,Minnesota,USA
Meeker County,Minnesota,USA
Mille Lacs County,Minnesota,USA
Morrison County,Minnesota,USA
Mower County,Minnesota,USA
Nicollet County,Minnesota,USA
Nobles County,Minnesota,USA
Norman County,Minnesota,USA
Olmsted County,Minnesota,USA
Otter Tail County,Minnesota,USA
Pine County,Minnesota,USA
Pipestone County,Minnesota,USA
Ramsey County,Minnesota,USA
Redwood County,Minnesota,USA
Roseau County,Minnesota,USA
St. Louis County,Minnesota,USA
Sherburne County,Minnesota,USA
Sibley County,Minnesota,USA
Stearns County,Minnesota,USA
Steele County,Minnesota,USA
Swift County,Minnesota,USA
Traverse County,Minnesota,USA
Wabasha County,Minnesota,USA
Waseca County,Minnesota,USA
Watonwan County,Minnesota,USA
Wilkin County,Minnesota,USA
Winona County,Minnesota,USA
Yellow Medicine County,Minnesota,USA
Alcorn County,Mississippi,USA
Attala County,Mississippi,USA
Bolivar County,Mississippi,USA
Claiborne County,Mississippi,USA
Coahoma County,Mississippi,USA
Copiah County,Mississippi,USA
Forrest County,Mississippi,USA
Hinds County,Mississippi,USA
Humphreys County,Mississippi,USA
Leflore County,Mississippi,USA
Neshoba County,Mississippi,USA
Newton County,Mississippi,USA
Noxubee County,Mississippi,USA
Oktibbeha County,Mississippi,USA
Panola County,Mississippi,USA
Pearl River County,Mississippi,USA
Pontotoc County,Mississippi,USA
Quitman County,Mississippi,USA
Rankin County,Mississippi,USA
Yalobusha County,Mississippi,USA
Andrew County,Missouri,USA
Atchison County,Missouri,USA
Audrain County,Missouri,USA
Bates County,Missouri,USA
Callaway County,Missouri,USA
Cape Girardeau County,Missouri,USA
Chariton County,Missouri,USA
Cole County,Missouri,USA
Dade County,Missouri,USA
Dent County,Missouri,USA
Dunklin County,Missouri,USA
Gasconade County,Missouri,USA
Gentry County,Missouri,USA
Hickory County,Missouri,USA
Howell County,Missouri,USA
Laclede County,Missouri,USA
McDonald County,Missouri,USA
Maries County,Missouri,USA
Moniteau County,Missouri,USA
New Madrid County,Missouri,USA
Nodaway County,Missouri,USA
Ozark County,Missouri,USA
Pettis County,Missouri,USA
Phelps County,Missouri,USA
Platte County,Missouri,USA
Ralls County,Missouri,USA
Ray County,Missouri,USA
Reynolds County,Missouri,USA
St. Charles County,Missouri,USA
St. Francois County,Missouri,USA
Scotland County,Missouri,USA
Shannon County,Missouri,USA
Taney County,Missouri,USA
Texas County,Missouri,USA
Vernon County,Missouri,USA
Beaverhead County,Montana,USA
Big Horn County,Montana,USA
Broadwater County,Montana,USA
Carbon County,Montana,USA
Cascade County,Montana,USA
Chouteau County,Montana,USA
Dawson County,Montana,USA
Deer Lodge County,Montana,USA
Fallon County,Montana,USA
Fergus County,Montana,USA
Flathead County,Montana,USA
Glacier County,Montana,USA
Granite County,Montana,USA
Hill County,Montana,USA
Judith Basin County,Montana,USA
Lewis and Clark County,Montana,USA
Mineral County,Montana,USA
Missoula County,Montana,USA
Musselshell County,Montana,USA
Pondera County,Montana,USA
Ravalli County,Montana,USA
Roosevelt County,Montana,USA
Rosebud County,Montana,USA
Sanders County,Montana,USA
Silver Bow County,Montana,USA
Stillwater County,Montana,USA
Sweet Grass County,Montana,USA
Toole County,Montana,USA
Yellowstone County,Montana,USA
Antelope County,Nebraska,USA
Box Butte County,Nebraska,USA
Buffalo County,Nebraska,USA
Burt County,Nebraska,USA
Cherry County,Nebraska,USA
Colfax County,Nebraska,USA
Cuming County,Nebraska,USA
Dawes County,Nebraska,USA
Deuel County,Nebraska,USA
Dixon County,Nebraska,USA
Frontier County,Nebraska,USA
Furnas County,Nebraska,USA
Garden County,Nebraska,USA
Gosper County,Nebraska,USA
Harlan County,Nebraska,USA
Hitchcock County,Nebraska,USA
Holt County,Nebraska,USA
Kearney County,Nebraska,USA
Keith County,Nebraska,USA
Kimball County,Nebraska,USA
Lancaster County,Nebraska,USA
Morrill County,Nebraska,USA
Nance County,Nebraska,USA
Nuckolls County,Nebraska,USA
Otoe County,Nebraska,USA
Perkins County,Nebraska,USA
Red Willow County,Nebraska,USA
Richardson County,Nebraska,USA
Sarpy County,Nebraska,USA
Saunders County,Nebraska,USA
Scotts Bluff County,Nebraska,USA
Thayer County,Nebraska,USA
Churchill County,Nevada,USA
Elko County,Nevada,USA
Lander County,Nevada,USA
Nye County,Nevada,USA
Pershing County,Nevada,USA
Storey County,Nevada,USA
Washoe County,Nevada,USA
White Pine County,Nevada,USA
Belknap County,New Hampshire,USA
Cheshire County,New Hampshire,USA
Coos County,New Hampshire,USA
Grafton County,New Hampshire,USA
Merrimack County,New Hampshire,USA
Rockingham County,New Hampshire,USA
Strafford County,New Hampshire,USA
Atlantic County,New Jersey,USA
Bergen County,New Jersey,USA
Burlington County,New Jersey,USA
Cape May County,New Jersey,USA
Hudson County,New Jersey,USA
Hunterdon County,New Jersey,USA
Monmouth County,New Jersey,USA
Passaic County,New Jersey,USA
Bernalillo County,New Mexico,USA
Catron County,New Mexico,USA
Chaves County,New Mexico,USA
Cibola County,New Mexico,USA
Curry County,New Mexico,USA
Do?a Ana County,New Mexico,USA
Eddy County,New Mexico,USA
Guadalupe County,New Mexico,USA
Hidalgo County,New Mexico,USA
Lea County,New Mexico,USA
Los Alamos County,New Mexico,USA
Luna County,New Mexico,USA
McKinley County,New Mexico,USA
Mora County,New Mexico,USA
Rio Arriba County,New Mexico,USA
Sandoval County,New Mexico,USA
San Juan County,New Mexico,USA
Santa Fe County,New Mexico,USA
Socorro County,New Mexico,USA
Taos County,New Mexico,USA
Torrance County,New Mexico,USA
Valencia County,New Mexico,USA
Albany County,New York,USA
Broome County,New York,USA
Cattaraugus County,New York,USA
Cayuga County,New York,USA
Chemung County,New York,USA
Chenango County,New York,USA
Cortland County,New York,USA
Dutchess County,New York,USA
Erie County,New York,USA
Herkimer County,New York,USA
New York County,New York,USA
Niagara County,New York,USA
Onondaga County,New York,USA
Ontario County,New York,USA
Orleans County,New York,USA
Oswego County,New York,USA
Queens County,New York,USA
Rensselaer County,New York,USA
St. Lawrence County,New York,USA
Saratoga County,New York,USA
Schenectady County,New York,USA
Schoharie County,New York,USA
Schuyler County,New York,USA
Tioga County,New York,USA
Tompkins County,New York,USA
Westchester County,New York,USA
Wyoming County,New York,USA
Yates County,New York,USA
Alamance County,North Carolina,USA
Alleghany County,North Carolina,USA
Ashe County,North Carolina,USA
Avery County,North Carolina,USA
Beaufort County,North Carolina,USA
Bladen County,North Carolina,USA
Brunswick County,North Carolina,USA
Buncombe County,North Carolina,USA
Cabarrus County,North Carolina,USA
Carteret County,North Carolina,USA
Caswell County,North Carolina,USA
Catawba County,North Carolina,USA
Chowan County,North Carolina,USA
Cleveland County,North Carolina,USA
Columbus County,North Carolina,USA
Craven County,North Carolina,USA
Dare County,North Carolina,USA
Davidson County,North Carolina,USA
Davie County,North Carolina,USA
Duplin County,North Carolina,USA
Durham County,North Carolina,USA
Edgecombe County,North Carolina,USA
Gaston County,North Carolina,USA
Granville County,North Carolina,USA
Guilford County,North Carolina,USA
Halifax County,North Carolina,USA
Harnett County,North Carolina,USA
Haywood County,North Carolina,USA
Hertford County,North Carolina,USA
Hyde County,North Carolina,USA
Iredell County,North Carolina,USA
Johnston County,North Carolina,USA
Lenoir County,North Carolina,USA
McDowell County,North Carolina,USA
Mecklenburg County,North Carolina,USA
Nash County,North Carolina,USA
New Hanover County,North Carolina,USA
Northampton County,North Carolina,USA
Onslow County,North Carolina,USA
Pamlico County,North Carolina,USA
Pasquotank County,North Carolina,USA
Pender County,North Carolina,USA
Person County,North Carolina,USA
Pitt County,North Carolina,USA
Robeson County,North Carolina,USA
Rutherford County,North Carolina,USA
Sampson County,North Carolina,USA
Stokes County,North Carolina,USA
Surry County,North Carolina,USA
Swain County,North Carolina,USA
Transylvania County,North Carolina,USA
Tyrrell County,North Carolina,USA
Vance County,North Carolina,USA
Wake County,North Carolina,USA
Watauga County,North Carolina,USA
Yadkin County,North Carolina,USA
Yancey County,North Carolina,USA
Benson County,North Dakota,USA
Bottineau County,North Dakota,USA
Bowman County,North Dakota,USA
Burleigh County,North Dakota,USA
Cavalier County,North Dakota,USA
Dickey County,North Dakota,USA
Divide County,North Dakota,USA
Dunn County,North Dakota,USA
Foster County,North Dakota,USA
Grand Forks County,North Dakota,USA
McKenzie County,North Dakota,USA
Pembina County,North Dakota,USA
Ransom County,North Dakota,USA
Rolette County,North Dakota,USA
Stark County,North Dakota,USA
Stutsman County,North Dakota,USA
Traill County,North Dakota,USA
Ward County,North Dakota,USA
Ashland County,Ohio,USA
Ashtabula County,Ohio,USA
Belmont County,Ohio,USA
Cuyahoga County,Ohio,USA
Darke County,Ohio,USA
Defiance County,Ohio,USA
Gallia County,Ohio,USA
Geauga County,Ohio,USA
Guernsey County,Ohio,USA
Highland County,Ohio,USA
Hocking County,Ohio,USA
Licking County,Ohio,USA
Lorain County,Ohio,USA
Morrow County,Ohio,USA
Muskingum County,Ohio,USA
Pickaway County,Ohio,USA
Portage County,Ohio,USA
Preble County,Ohio,USA
Ross County,Ohio,USA
Sandusky County,Ohio,USA
Scioto County,Ohio,USA
Trumbull County,Ohio,USA
Tuscarawas County,Ohio,USA
Van Wert County,Ohio,USA
Williams County,Ohio,USA
Wood County,Ohio,USA
Alfalfa County,Oklahoma,USA
Coal County,Oklahoma,USA
Kay County,Oklahoma,USA
Le Flore County,Oklahoma,USA
Love County,Oklahoma,USA
McClain County,Oklahoma,USA
McCurtain County,Oklahoma,USA
Mayes County,Oklahoma,USA
Muskogee County,Oklahoma,USA
Noble County,Oklahoma,USA
Oklahoma County,Oklahoma,USA
Payne County,Oklahoma,USA
Pittsburg County,Oklahoma,USA
Pushmataha County,Oklahoma,USA
Rogers County,Oklahoma,USA
Tillman County,Oklahoma,USA
Tulsa County,Oklahoma,USA
Washita County,Oklahoma,USA
Woods County,Oklahoma,USA
Woodward County,Oklahoma,USA
Clackamas County,Oregon,USA
Clatsop County,Oregon,USA
Crook County,Oregon,USA
Deschutes County,Oregon,USA
Gilliam County,Oregon,USA
Harney County,Oregon,USA
Hood River County,Oregon,USA
Josephine County,Oregon,USA
Klamath County,Oregon,USA
Malheur County,Oregon,USA
Multnomah County,Oregon,USA
Tillamook County,Oregon,USA
Umatilla County,Oregon,USA
Wallowa County,Oregon,USA
Wasco County,Oregon,USA
Yamhill County,Oregon,USA
Allegheny County,Pennsylvania,USA
Armstrong County,Pennsylvania,USA
Beaver County,Pennsylvania,USA
Bedford County,Pennsylvania,USA
Berks County,Pennsylvania,USA
Blair County,Pennsylvania,USA
Bradford County,Pennsylvania,USA
Bucks County,Pennsylvania,USA
Cambria County,Pennsylvania,USA
Cameron County,Pennsylvania,USA
Centre County,Pennsylvania,USA
Chester County,Pennsylvania,USA
Clarion County,Pennsylvania,USA
Clearfield County,Pennsylvania,USA
Dauphin County,Pennsylvania,USA
Forest County,Pennsylvania,USA
Indiana County,Pennsylvania,USA
Lackawanna County,Pennsylvania,USA
Lebanon County,Pennsylvania,USA
Lehigh County,Pennsylvania,USA
Luzerne County,Pennsylvania,USA
Lycoming County,Pennsylvania,USA
McKean County,Pennsylvania,USA
Mifflin County,Pennsylvania,USA
Northumberland County,Pennsylvania,USA
Philadelphia County,Pennsylvania,USA
Potter County,Pennsylvania,USA
Schuylkill County,Pennsylvania,USA
Snyder County,Pennsylvania,USA
Venango County,Pennsylvania,USA
Westmoreland County,Pennsylvania,USA
Newport County,Rhode Island,USA
Providence County,Rhode Island,USA
Abbeville County,South Carolina,USA
Aiken County,South Carolina,USA
Bamberg County,South Carolina,USA
Barnwell County,South Carolina,USA
Berkeley County,South Carolina,USA
Charleston County,South Carolina,USA
Chesterfield County,South Carolina,USA
Colleton County,South Carolina,USA
Darlington County,South Carolina,USA
Edgefield County,South Carolina,USA
Florence County,South Carolina,USA
Georgetown County,South Carolina,USA
Greenville County,South Carolina,USA
Horry County,South Carolina,USA
Kershaw County,South Carolina,USA
Lexington County,South Carolina,USA
McCormick County,South Carolina,USA
Marlboro County,South Carolina,USA
Newberry County,South Carolina,USA
Orangeburg County,South Carolina,USA
Saluda County,South Carolina,USA
Spartanburg County,South Carolina,USA
Williamsburg County,South Carolina,USA
Aurora County,South Dakota,USA
Beadle County,South Dakota,USA
Bennett County,South Dakota,USA
Bon Homme County,South Dakota,USA
Brookings County,South Dakota,USA
Brule County,South Dakota,USA
Charles Mix County,South Dakota,USA
Codington County,South Dakota,USA
Corson County,South Dakota,USA
Davison County,South Dakota,USA
Day County,South Dakota,USA
Dewey County,South Dakota,USA
Edmunds County,South Dakota,USA
Fall River County,South Dakota,USA
Gregory County,South Dakota,USA
Hamlin County,South Dakota,USA
Hughes County,South Dakota,USA
Hutchinson County,South Dakota,USA
Kingsbury County,South Dakota,USA
Lyman County,South Dakota,USA
McCook County,South Dakota,USA
Miner County,South Dakota,USA
Minnehaha County,South Dakota,USA
Moody County,South Dakota,USA
Pennington County,South Dakota,USA
Roberts County,South Dakota,USA
Sanborn County,South Dakota,USA
Spink County,South Dakota,USA
Tripp County,South Dakota,USA
Turner County,South Dakota,USA
Walworth County,South Dakota,USA
Yankton County,South Dakota,USA
Bledsoe County,Tennessee,USA
Bradley County,Tennessee,USA
Campbell County,Tennessee,USA
Cannon County,Tennessee,USA
Cheatham County,Tennessee,USA
Cocke County,Tennessee,USA
Dickson County,Tennessee,USA
Fentress County,Tennessee,USA
Gibson County,Tennessee,USA
Giles County,Tennessee,USA
Hamblen County,Tennessee,USA
Hardeman County,Tennessee,USA
Hawkins County,Tennessee,USA
Hickman County,Tennessee,USA
Loudon County,Tennessee,USA
McMinn County,Tennessee,USA
McNairy County,Tennessee,USA
Maury County,Tennessee,USA
Meigs County,Tennessee,USA
Moore County,Tennessee,USA
Overton County,Tennessee,USA
Pickett County,Tennessee,USA
Rhea County,Tennessee,USA
Roane County,Tennessee,USA
Robertson County,Tennessee,USA
Stewart County,Tennessee,USA
Trousdale County,Tennessee,USA
Unicoi County,Tennessee,USA
Weakley County,Tennessee,USA
Angelina County,Texas,USA
Aransas County,Texas,USA
Atascosa County,Texas,USA
Austin County,Texas,USA
Bailey County,Texas,USA
Bandera County,Texas,USA
Bastrop County,Texas,USA
Baylor County,Texas,USA
Bee County,Texas,USA
Bell County,Texas,USA
Bexar County,Texas,USA
Blanco County,Texas,USA
Bosque County,Texas,USA
Bowie County,Texas,USA
Brazoria County,Texas,USA
Brazos County,Texas,USA
Brewster County,Texas,USA
Brooks County,Texas,USA
Burleson County,Texas,USA
Burnet County,Texas,USA
Callahan County,Texas,USA
Castro County,Texas,USA
Childress County,Texas,USA
Cochran County,Texas,USA
Coke County,Texas,USA
Coleman County,Texas,USA
Collin County,Texas,USA
Colorado County,Texas,USA
Comal County,Texas,USA
Concho County,Texas,USA
Cooke County,Texas,USA
Coryell County,Texas,USA
Cottle County,Texas,USA
Crane County,Texas,USA
Crockett County,Texas,USA
Crosby County,Texas,USA
Culberson County,Texas,USA
Dallam County,Texas,USA
Deaf Smith County,Texas,USA
Denton County,Texas,USA
DeWitt County,Texas,USA
Dickens County,Texas,USA
Dimmit County,Texas,USA
Ector County,Texas,USA
Edwards County,Texas,USA
Erath County,Texas,USA
Fannin County,Texas,USA
Fisher County,Texas,USA
Fort Bend County,Texas,USA
Gaines County,Texas,USA
Galveston County,Texas,USA
Garza County,Texas,USA
Gillespie County,Texas,USA
Goliad County,Texas,USA
Gonzales County,Texas,USA
Gregg County,Texas,USA
Grimes County,Texas,USA
Hansford County,Texas,USA
Hartley County,Texas,USA
Haskell County,Texas,USA
Hays County,Texas,USA
Hockley County,Texas,USA
Hood County,Texas,USA
Hunt County,Texas,USA
Jack County,Texas,USA
Jim Wells County,Texas,USA
Kaufman County,Texas,USA
Kendall County,Texas,USA
Kerr County,Texas,USA
Kimble County,Texas,USA
Kinney County,Texas,USA
Kleberg County,Texas,USA
Lamb County,Texas,USA
La Salle County,Texas,USA
Lavaca County,Texas,USA
Lipscomb County,Texas,USA
Live Oak County,Texas,USA
Llano County,Texas,USA
Lubbock County,Texas,USA
Lynn County,Texas,USA
McCulloch County,Texas,USA
McLennan County,Texas,USA
Matagorda County,Texas,USA
Medina County,Texas,USA
Mills County,Texas,USA
Montague County,Texas,USA
Nacogdoches County,Texas,USA
Navarro County,Texas,USA
Nolan County,Texas,USA
Nueces County,Texas,USA
Ochiltree County,Texas,USA
Palo Pinto County,Texas,USA
Parker County,Texas,USA
Parmer County,Texas,USA
Pecos County,Texas,USA
Presidio County,Texas,USA
Rains County,Texas,USA
Randall County,Texas,USA
Reagan County,Texas,USA
Red River County,Texas,USA
Refugio County,Texas,USA
Runnels County,Texas,USA
Rusk County,Texas,USA
San Augustine County,Texas,USA
San Patricio County,Texas,USA
San Saba County,Texas,USA
Schleicher County,Texas,USA
Scurry County,Texas,USA
Shackelford County,Texas,USA
Starr County,Texas,USA
Stonewall County,Texas,USA
Swisher County,Texas,USA
Tarrant County,Texas,USA
Terry County,Texas,USA
Titus County,Texas,USA
Tom Green County,Texas,USA
Travis County,Texas,USA
Tyler County,Texas,USA
Upshur County,Texas,USA
Upton County,Texas,USA
Val Verde County,Texas,USA
Victoria County,Texas,USA
Webb County,Texas,USA
Wharton County,Texas,USA
Wichita County,Texas,USA
Willacy County,Texas,USA
Winkler County,Texas,USA
Wise County,Texas,USA
Yoakum County,Texas,USA
Box Elder County,Utah,USA
Cache County,Utah,USA
Duchesne County,Utah,USA
Emery County,Utah,USA
Juab County,Utah,USA
Millard County,Utah,USA
Salt Lake County,Utah,USA
Sanpete County,Utah,USA
Tooele County,Utah,USA
Uintah County,Utah,USA
Utah County,Utah,USA
Wasatch County,Utah,USA
Weber County,Utah,USA
Addison County,Vermont,USA
Bennington County,Vermont,USA
Caledonia County,Vermont,USA
Chittenden County,Vermont,USA
Lamoille County,Vermont,USA
Rutland County,Vermont,USA
Windsor County,Vermont,USA
Accomack County,Virginia,USA
Albemarle County,Virginia,USA
Amelia County,Virginia,USA
Appomattox County,Virginia,USA
Arlington County,Virginia,USA
Augusta County,Virginia,USA
Caroline County,Virginia,USA
Craig County,Virginia,USA
Dickenson County,Virginia,USA
Fairfax County,Virginia,USA
Goochland County,Virginia,USA
Hanover County,Virginia,USA
Henrico County,Virginia,USA
King William County,Virginia,USA
Loudoun County,Virginia,USA
Louisa County,Virginia,USA
New Kent County,Virginia,USA
Patrick County,Virginia,USA
Pittsylvania County,Virginia,USA
Prince Edward County,Virginia,USA
Prince George County,Virginia,USA
Rappahannock County,Virginia,USA
Roanoke County,Virginia,USA
Shenandoah County,Virginia,USA
Smyth County,Virginia,USA
Tazewell County,Virginia,USA
Wythe County,Virginia,USA
Colonial Heights city,Virginia,USA
Covington city,Virginia,USA
Emporia city,Virginia,USA
Lexington city,Virginia,USA
Martinsville city,Virginia,USA
Radford city,Virginia,USA
Staunton city,Virginia,USA
Waynesboro city,Virginia,USA
Williamsburg city,Virginia,USA
Asotin County,Washington,USA
Chelan County,Washington,USA
Clallam County,Washington,USA
Cowlitz County,Washington,USA
Ferry County,Washington,USA
Grays Harbor County,Washington,USA
Island County,Washington,USA
King County,Washington,USA
Kitsap County,Washington,USA
Kittitas County,Washington,USA
Klickitat County,Washington,USA
Okanogan County,Washington,USA
Pacific County,Washington,USA
Pend Oreille County,Washington,USA
Pierce County,Washington,USA
Skagit County,Washington,USA
Skamania County,Washington,USA
Snohomish County,Washington,USA
Spokane County,Washington,USA
Thurston County,Washington,USA
Walla Walla County,Washington,USA
Whatcom County,Washington,USA
Whitman County,Washington,USA
Yakima County,Washington,USA
Braxton County,West Virginia,USA
Brooke County,West Virginia,USA
Doddridge County,West Virginia,USA
Greenbrier County,West Virginia,USA
Kanawha County,West Virginia,USA
Monongalia County,West Virginia,USA
Nicholas County,West Virginia,USA
Raleigh County,West Virginia,USA
Ritchie County,West Virginia,USA
Tucker County,West Virginia,USA
Wetzel County,West Virginia,USA
Barron County,Wisconsin,USA
Bayfield County,Wisconsin,USA
Calumet County,Wisconsin,USA
Dane County,Wisconsin,USA
Door County,Wisconsin,USA
Eau Claire County,Wisconsin,USA
Fond du Lac County,Wisconsin,USA
Green County,Wisconsin,USA
Green Lake County,Wisconsin,USA
Juneau County,Wisconsin,USA
Kenosha County,Wisconsin,USA
Kewaunee County,Wisconsin,USA
La Crosse County,Wisconsin,USA
Manitowoc County,Wisconsin,USA
Marathon County,Wisconsin,USA
Marinette County,Wisconsin,USA
Milwaukee County,Wisconsin,USA
Oconto County,Wisconsin,USA
Outagamie County,Wisconsin,USA
Ozaukee County,Wisconsin,USA
Pepin County,Wisconsin,USA
Price County,Wisconsin,USA
Racine County,Wisconsin,USA
Rock County,Wisconsin,USA
St. Croix County,Wisconsin,USA
Sauk County,Wisconsin,USA
Sawyer County,Wisconsin,USA
Shawano County,Wisconsin,USA
Sheboygan County,Wisconsin,USA
Trempealeau County,Wisconsin,USA
Vilas County,Wisconsin,USA
Washburn County,Wisconsin,USA
Waukesha County,Wisconsin,USA
Waupaca County,Wisconsin,USA
Waushara County,Wisconsin,USA
Converse County,Wyoming,USA
Goshen County,Wyoming,USA
Hot Springs County,Wyoming,USA
Laramie County,Wyoming,USA
Natrona County,Wyoming,USA
Niobrara County,Wyoming,USA
Sublette County,Wyoming,USA
Sweetwater County,Wyoming,USA
